{
  "classifier": {
    "accuracy": 0.86125,
    "precision": 0.9242718446601942,
    "recall": 0.8686131386861314,
    "f1": 0.8955785512699906
  },
  "regressor": {
    "mae_liters": 2.214418035286957,
    "r2": 0.6085558218951006
  },
  "n_train": 3200,
  "n_test": 800,
  "features": [
    "soil_moisture",
    "temperature",
    "humidity"
  ]
}